uniprot	mutant	pos	wt	subs	prediction_epistatic
P38398	I21F	21	I	F	-2.5595
P38398	I21L	21	I	L	-0.9572
P38398	I21M	21	I	M	-0.5942
P38398	I21N	21	I	N	1.5518
P38398	I21S	21	I	S	-0.1458
P38398	I21T	21	I	T	-0.0365
P38398	I21V	21	I	V	-0.9709
P38398	L22F	22	L	F	-1.7724
P38398	L22F	22	L	F	-1.7724
P38398	L22I	22	L	I	-3.5776
P38398	L22S	22	L	S	-4.334
P38398	L22V	22	L	V	-3.2542
P38398	E23A	23	E	A	-4.5324
P38398	E23D	23	E	D	-1.8617
P38398	E23D	23	E	D	-1.8617
P38398	E23G	23	E	G	-4.3182
P38398	E23K	23	E	K	-1.6465
P38398	E23Q	23	E	Q	-1.3941
P38398	E23V	23	E	V	-1.8544
P38398	C24F	24	C	F	-9.7018
P38398	C24G	24	C	G	-11.3438
P38398	C24R	24	C	R	-10.2083
P38398	C24S	24	C	S	-11.5972
P38398	C24S	24	C	S	-11.5972
P38398	C24W	24	C	W	-11.5549
P38398	C24Y	24	C	Y	-9.5627
P38398	P25A	25	P	A	-1.8846
P38398	P25H	25	P	H	-3.6832
P38398	P25L	25	P	L	-4.9117
P38398	P25R	25	P	R	-3.5224
P38398	P25S	25	P	S	-0.7484
P38398	P25T	25	P	T	-2.5921
P38398	I26F	26	I	F	-6.5664
P38398	I26L	26	I	L	-3.2403
P38398	I26M	26	I	M	-5.7894
P38398	I26N	26	I	N	-8.6485
P38398	I26S	26	I	S	-7.6339
P38398	I26T	26	I	T	-6.4429
P38398	I26V	26	I	V	-2.7754
P38398	C27F	27	C	F	-7.4007
P38398	C27G	27	C	G	-7.1941
P38398	C27R	27	C	R	-9.0606
P38398	C27S	27	C	S	-6.9357
P38398	C27S	27	C	S	-6.9357
P38398	C27W	27	C	W	-9.6915
P38398	C27Y	27	C	Y	-7.1136
P38398	L28M	28	L	M	-2.7285
P38398	L28P	28	L	P	-6.4577
P38398	L28Q	28	L	Q	-2.612
P38398	L28R	28	L	R	-4.1228
P38398	L28V	28	L	V	-3.6934
P38398	E29A	29	E	A	-4.2949
P38398	E29D	29	E	D	0.2721
P38398	E29D	29	E	D	0.2721
P38398	E29G	29	E	G	-2.1527
P38398	E29K	29	E	K	-4.0866
P38398	E29Q	29	E	Q	-1.4942
P38398	E29V	29	E	V	-4.3302
P38398	L30F	30	L	F	-3.7093
P38398	L30F	30	L	F	-3.7093
P38398	L30M	30	L	M	-3.0823
P38398	L30S	30	L	S	-3.3764
P38398	L30V	30	L	V	0.2337
P38398	L30W	30	L	W	-4.3504
P38398	I31F	31	I	F	1.5145
P38398	I31L	31	I	L	1.4474
P38398	I31M	31	I	M	1.2739
P38398	I31N	31	I	N	-4.0729
P38398	I31S	31	I	S	-0.0191
P38398	I31T	31	I	T	-2.9253
P38398	I31V	31	I	V	0.0388
P38398	K32E	32	K	E	-2.6605
P38398	K32M	32	K	M	-4.0692
P38398	K32N	32	K	N	-1.0551
P38398	K32N	32	K	N	-1.0551
P38398	K32Q	32	K	Q	-2.7608
P38398	K32R	32	K	R	-2.6462
P38398	K32T	32	K	T	-0.8676
P38398	E33A	33	E	A	-2.8037
P38398	E33D	33	E	D	0.1623
P38398	E33D	33	E	D	0.1623
P38398	E33G	33	E	G	-4.5602
P38398	E33K	33	E	K	-2.3927
P38398	E33Q	33	E	Q	-0.6775
P38398	E33V	33	E	V	-2.0249
P38398	P34A	34	P	A	-2.9859
P38398	P34H	34	P	H	-7.6065
P38398	P34L	34	P	L	-5.249
P38398	P34R	34	P	R	-6.6143
P38398	P34S	34	P	S	-4.8832
P38398	P34T	34	P	T	-5.3997
P38398	V35A	35	V	A	-5.1274
P38398	V35D	35	V	D	-7.109
P38398	V35F	35	V	F	-6.058
P38398	V35G	35	V	G	-6.6613
P38398	V35I	35	V	I	-2.6304
P38398	V35L	35	V	L	-1.4338
P38398	S36A	36	S	A	-3.7559
P38398	S36C	36	S	C	-5.0987
P38398	S36F	36	S	F	-3.6515
P38398	S36P	36	S	P	-6.6795
P38398	S36T	36	S	T	-3.9382
P38398	S36Y	36	S	Y	-5.7371
P38398	T37A	37	T	A	-5.1441
P38398	T37I	37	T	I	-4.4466
P38398	T37K	37	T	K	-7.9035
P38398	T37P	37	T	P	-7.7338
P38398	T37R	37	T	R	-8.0094
P38398	T37S	37	T	S	-6.3732
P38398	K38E	38	K	E	-3.9163
P38398	K38M	38	K	M	-5.8841
P38398	K38N	38	K	N	-3.9422
P38398	K38N	38	K	N	-3.9422
P38398	K38Q	38	K	Q	-3.5548
P38398	K38R	38	K	R	-2.7174
P38398	K38T	38	K	T	-3.723
P38398	C39F	39	C	F	-11.3404
P38398	C39G	39	C	G	-9.8791
P38398	C39R	39	C	R	-9.6046
P38398	C39S	39	C	S	-9.2944
P38398	C39S	39	C	S	-9.2944
P38398	C39W	39	C	W	-10.8961
P38398	C39Y	39	C	Y	-8.6394
P38398	D40A	40	D	A	-3.7877
P38398	D40E	40	D	E	-3.4024
P38398	D40E	40	D	E	-3.4024
P38398	D40G	40	D	G	-1.7186
P38398	D40H	40	D	H	-3.1852
P38398	D40N	40	D	N	-1.8921
P38398	D40V	40	D	V	-6.4079
P38398	D40Y	40	D	Y	-4.5149
P38398	H41D	41	H	D	-8.472
P38398	H41L	41	H	L	-11.5638
P38398	H41N	41	H	N	-7.8971
P38398	H41P	41	H	P	-11.5638
P38398	H41Q	41	H	Q	-8.608
P38398	H41Q	41	H	Q	-8.608
P38398	H41R	41	H	R	-8.9847
P38398	H41Y	41	H	Y	-11.3413
P38398	I42K	42	I	K	-1.6852
P38398	I42L	42	I	L	-1.3515
P38398	I42L	42	I	L	-1.3515
P38398	I42M	42	I	M	-2.7524
P38398	I42R	42	I	R	-1.3257
P38398	I42T	42	I	T	-0.2257
P38398	I42V	42	I	V	0.1598
P38398	F43C	43	F	C	-7.9324
P38398	F43I	43	F	I	-7.2186
P38398	F43L	43	F	L	-6.3956
P38398	F43L	43	F	L	-6.3956
P38398	F43L	43	F	L	-6.3956
P38398	F43S	43	F	S	-7.072
P38398	F43V	43	F	V	-6.8871
P38398	F43Y	43	F	Y	-2.3505
P38398	C44F	44	C	F	-11.9664
P38398	C44G	44	C	G	-6.8394
P38398	C44R	44	C	R	-10.4782
P38398	C44S	44	C	S	-8.865
P38398	C44S	44	C	S	-8.865
P38398	C44W	44	C	W	-11.8587
P38398	C44Y	44	C	Y	-10.3445
P38398	K45E	45	K	E	-3.7082
P38398	K45I	45	K	I	-4.0252
P38398	K45N	45	K	N	-2.858
P38398	K45N	45	K	N	-2.858
P38398	K45Q	45	K	Q	-2.9992
P38398	K45R	45	K	R	-1.1866
P38398	K45T	45	K	T	-3.8767
P38398	F46C	46	F	C	-6.8428
P38398	F46I	46	F	I	-4.1058
P38398	F46L	46	F	L	-3.7342
P38398	F46L	46	F	L	-3.7342
P38398	F46L	46	F	L	-3.7342
P38398	F46S	46	F	S	-2.6211
P38398	F46V	46	F	V	-3.3574
P38398	F46Y	46	F	Y	-5.7406
P38398	C47F	47	C	F	-10.3212
P38398	C47G	47	C	G	-10.2991
P38398	C47R	47	C	R	-9.7038
P38398	C47S	47	C	S	-9.8838
P38398	C47S	47	C	S	-9.8838
P38398	C47W	47	C	W	-11.2555
P38398	C47Y	47	C	Y	-9.7965
P38398	M48I	48	M	I	1.2729
P38398	M48I	48	M	I	1.2729
P38398	M48I	48	M	I	1.2729
P38398	M48K	48	M	K	-6.6197
P38398	M48L	48	M	L	-0.0454
P38398	M48L	48	M	L	-0.0454
P38398	M48R	48	M	R	-5.7058
P38398	M48T	48	M	T	-2.8962
P38398	M48V	48	M	V	-0.5906
P38398	L49M	49	L	M	-1.1804
P38398	L49P	49	L	P	-4.0968
P38398	L49Q	49	L	Q	-0.157
P38398	L49R	49	L	R	-1.7747
P38398	L49V	49	L	V	-1.3929
P38398	K50E	50	K	E	-0.78
P38398	K50I	50	K	I	-4.1678
P38398	K50N	50	K	N	-3.2616
P38398	K50N	50	K	N	-3.2616
P38398	K50Q	50	K	Q	-0.7895
P38398	K50R	50	K	R	-1.9967
P38398	K50T	50	K	T	-2.6626
P38398	L51F	51	L	F	-3.1196
P38398	L51H	51	L	H	-1.1332
P38398	L51I	51	L	I	-2.9431
P38398	L51P	51	L	P	-5.027
P38398	L51R	51	L	R	-5.0749
P38398	L51V	51	L	V	-1.4583
P38398	L52F	52	L	F	-1.3027
P38398	L52H	52	L	H	-5.701
P38398	L52I	52	L	I	-0.3922
P38398	L52P	52	L	P	-6.2695
P38398	L52R	52	L	R	-5.2512
P38398	L52V	52	L	V	-2.7427
P38398	N53D	53	N	D	-0.3121
P38398	N53H	53	N	H	0.0553
P38398	N53I	53	N	I	-1.564
P38398	N53K	53	N	K	1.6411
P38398	N53K	53	N	K	1.6411
P38398	N53S	53	N	S	1.079
P38398	N53T	53	N	T	-0.6227
P38398	N53Y	53	N	Y	-2.7623
P38398	Q54E	54	Q	E	-1.4279
P38398	Q54H	54	Q	H	-0.8062
P38398	Q54H	54	Q	H	-0.8062
P38398	Q54K	54	Q	K	0.1318
P38398	Q54L	54	Q	L	-2.3861
P38398	Q54P	54	Q	P	-2.4654
P38398	Q54R	54	Q	R	-1.4777
P38398	K55E	55	K	E	-3.5313
P38398	K55M	55	K	M	-5.1883
P38398	K55N	55	K	N	-3.6677
P38398	K55N	55	K	N	-3.6677
P38398	K55Q	55	K	Q	-2.9254
P38398	K55R	55	K	R	-3.5987
P38398	K55T	55	K	T	-2.1975
P38398	S59A	59	S	A	0.6229
P38398	S59L	59	S	L	0.1777
P38398	S59P	59	S	P	-1.8313
P38398	S59T	59	S	T	-0.6562
P38398	Q60E	60	Q	E	-2.2846
P38398	Q60H	60	Q	H	-2.3322
P38398	Q60H	60	Q	H	-2.3322
P38398	Q60K	60	Q	K	-1.4296
P38398	Q60L	60	Q	L	-2.1296
P38398	Q60P	60	Q	P	-1.7144
P38398	Q60R	60	Q	R	-1.5964
P38398	C61F	61	C	F	-9.2368
P38398	C61G	61	C	G	-9.8289
P38398	C61R	61	C	R	-11.1574
P38398	C61S	61	C	S	-9.5755
P38398	C61S	61	C	S	-9.5755
P38398	C61W	61	C	W	-10.2566
P38398	C61Y	61	C	Y	-9.259
P38398	P62A	62	P	A	-4.6094
P38398	P62H	62	P	H	-7.2615
P38398	P62L	62	P	L	-6.6873
P38398	P62R	62	P	R	-7.833
P38398	P62S	62	P	S	-5.5211
P38398	P62T	62	P	T	-6.3534
P38398	L63F	63	L	F	-3.4436
P38398	L63F	63	L	F	-3.4436
P38398	L63I	63	L	I	-1.3571
P38398	L63S	63	L	S	-1.6371
P38398	L63V	63	L	V	-0.8848
P38398	C64F	64	C	F	-10.4203
P38398	C64G	64	C	G	-10.868
P38398	C64R	64	C	R	-11.6389
P38398	C64S	64	C	S	-10.2116
P38398	C64S	64	C	S	-10.2116
P38398	C64W	64	C	W	-12.0899
P38398	C64Y	64	C	Y	-12.0439
P38398	K65E	65	K	E	-6.5866
P38398	K65M	65	K	M	-4.599
P38398	K65N	65	K	N	-1.3659
P38398	K65N	65	K	N	-1.3659
P38398	K65Q	65	K	Q	-2.2972
P38398	K65R	65	K	R	-1.7282
P38398	K65T	65	K	T	-4.9197
P38398	N66D	66	N	D	-1.4353
P38398	N66H	66	N	H	-3.3343
P38398	N66I	66	N	I	0.328
P38398	N66K	66	N	K	-0.6113
P38398	N66K	66	N	K	-0.6113
P38398	N66S	66	N	S	-0.6674
P38398	N66T	66	N	T	0.1694
P38398	N66Y	66	N	Y	-4.0458
P38398	D67A	67	D	A	0.2856
P38398	D67E	67	D	E	1.0105
P38398	D67E	67	D	E	1.0105
P38398	D67G	67	D	G	-1.9017
P38398	D67H	67	D	H	-1.7288
P38398	D67N	67	D	N	0.6389
P38398	D67V	67	D	V	-0.9007
P38398	D67Y	67	D	Y	-1.7642
P38398	I68K	68	I	K	-9.6796
P38398	I68L	68	I	L	-0.9076
P38398	I68L	68	I	L	-0.9076
P38398	I68M	68	I	M	-2.5552
P38398	I68R	68	I	R	-9.6796
P38398	I68T	68	I	T	-2.4114
P38398	I68V	68	I	V	-2.1052
P38398	S1655A	1655	S	A	-7.084
P38398	S1655C	1655	S	C	-9.3843
P38398	S1655F	1655	S	F	-9.3843
P38398	S1655P	1655	S	P	-9.3843
P38398	S1655T	1655	S	T	-3.8886
P38398	S1655Y	1655	S	Y	-9.3843
P38398	G1656A	1656	G	A	-4.9609
P38398	G1656C	1656	G	C	-6.3006
P38398	G1656D	1656	G	D	-6.7741
P38398	G1656R	1656	G	R	-6.2515
P38398	G1656S	1656	G	S	-4.8947
P38398	G1656V	1656	G	V	-9.0413
P38398	L1657M	1657	L	M	-4.6303
P38398	L1657P	1657	L	P	-8.894
P38398	L1657Q	1657	L	Q	-8.894
P38398	L1657R	1657	L	R	-8.894
P38398	L1657V	1657	L	V	-4.9107
P38398	T1658A	1658	T	A	-4.4029
P38398	T1658I	1658	T	I	-5.6643
P38398	T1658N	1658	T	N	-2.4572
P38398	T1658P	1658	T	P	-3.8799
P38398	T1658S	1658	T	S	-1.8369
P38398	T1658S	1658	T	S	-1.8369
P38398	P1659A	1659	P	A	-1.6668
P38398	P1659L	1659	P	L	-3.2151
P38398	P1659Q	1659	P	Q	-1.8139
P38398	P1659R	1659	P	R	-2.3228
P38398	P1659S	1659	P	S	-1.7129
P38398	P1659T	1659	P	T	-3.1527
P38398	E1660A	1660	E	A	-1.6444
P38398	E1660D	1660	E	D	-1.9798
P38398	E1660D	1660	E	D	-1.9798
P38398	E1660G	1660	E	G	-1.8388
P38398	E1660K	1660	E	K	0.7817
P38398	E1660Q	1660	E	Q	-2.4024
P38398	E1660V	1660	E	V	-2.8297
P38398	E1661A	1661	E	A	-5.8641
P38398	E1661D	1661	E	D	-3.8423
P38398	E1661D	1661	E	D	-3.8423
P38398	E1661G	1661	E	G	-5.4587
P38398	E1661K	1661	E	K	-5.2317
P38398	E1661Q	1661	E	Q	-3.5536
P38398	E1661V	1661	E	V	-5.3689
P38398	F1662C	1662	F	C	-3.2668
P38398	F1662I	1662	F	I	-0.9845
P38398	F1662L	1662	F	L	-0.0595
P38398	F1662L	1662	F	L	-0.0595
P38398	F1662L	1662	F	L	-0.0595
P38398	F1662S	1662	F	S	-1.3357
P38398	F1662V	1662	F	V	-0.6798
P38398	F1662Y	1662	F	Y	-3.1404
P38398	M1663I	1663	M	I	-3.3599
P38398	M1663I	1663	M	I	-3.3599
P38398	M1663I	1663	M	I	-3.3599
P38398	M1663K	1663	M	K	-2.9539
P38398	M1663L	1663	M	L	-1.8873
P38398	M1663L	1663	M	L	-1.8873
P38398	M1663R	1663	M	R	-2.5446
P38398	M1663T	1663	M	T	-3.886
P38398	M1663V	1663	M	V	-2.6704
P38398	L1664F	1664	L	F	-4.6905
P38398	L1664H	1664	L	H	-3.8701
P38398	L1664I	1664	L	I	-2.1742
P38398	L1664P	1664	L	P	-7.3135
P38398	L1664R	1664	L	R	-3.2085
P38398	L1664V	1664	L	V	-2.6029
P38398	V1665A	1665	V	A	-2.893
P38398	V1665E	1665	V	E	-7.7798
P38398	V1665G	1665	V	G	-6.634
P38398	V1665L	1665	V	L	-1.9694
P38398	V1665L	1665	V	L	-1.9694
P38398	V1665M	1665	V	M	-4.3524
P38398	Y1666C	1666	Y	C	-0.2791
P38398	Y1666D	1666	Y	D	1.1278
P38398	Y1666F	1666	Y	F	-1.0888
P38398	Y1666H	1666	Y	H	1.9183
P38398	Y1666N	1666	Y	N	0.2557
P38398	Y1666S	1666	Y	S	1.3253
P38398	K1667E	1667	K	E	-3.5565
P38398	K1667M	1667	K	M	-7.2515
P38398	K1667N	1667	K	N	-3.3466
P38398	K1667N	1667	K	N	-3.3466
P38398	K1667Q	1667	K	Q	-3.6521
P38398	K1667R	1667	K	R	-2.844
P38398	K1667T	1667	K	T	-4.7877
P38398	F1668C	1668	F	C	-4.7151
P38398	F1668I	1668	F	I	-4.3207
P38398	F1668L	1668	F	L	-3.5224
P38398	F1668L	1668	F	L	-3.5224
P38398	F1668L	1668	F	L	-3.5224
P38398	F1668S	1668	F	S	-5.7695
P38398	F1668V	1668	F	V	-4.7581
P38398	F1668Y	1668	F	Y	-5.7381
P38398	A1669D	1669	A	D	-6.2904
P38398	A1669G	1669	A	G	-3.8742
P38398	A1669P	1669	A	P	-6.7059
P38398	A1669S	1669	A	S	-3.0779
P38398	A1669T	1669	A	T	-2.8679
P38398	A1669V	1669	A	V	-1.9699
P38398	R1670G	1670	R	G	-3.5046
P38398	R1670I	1670	R	I	-4.9721
P38398	R1670K	1670	R	K	-1.466
P38398	R1670S	1670	R	S	-3.141
P38398	R1670S	1670	R	S	-3.141
P38398	R1670T	1670	R	T	-3.3755
P38398	K1671E	1671	K	E	-4.2258
P38398	K1671I	1671	K	I	-5.2551
P38398	K1671N	1671	K	N	-4.8867
P38398	K1671N	1671	K	N	-4.8867
P38398	K1671Q	1671	K	Q	-3.1479
P38398	K1671R	1671	K	R	-4.0152
P38398	K1671T	1671	K	T	-3.7541
P38398	H1672D	1672	H	D	-5.6296
P38398	H1672L	1672	H	L	-2.1333
P38398	H1672N	1672	H	N	-2.8955
P38398	H1672P	1672	H	P	-3.2969
P38398	H1672Q	1672	H	Q	-5.4674
P38398	H1672Q	1672	H	Q	-5.4674
P38398	H1672R	1672	H	R	-2.7066
P38398	H1672Y	1672	H	Y	-0.4302
P38398	H1673D	1673	H	D	-2.4755
P38398	H1673L	1673	H	L	-4.3913
P38398	H1673N	1673	H	N	-1.751
P38398	H1673P	1673	H	P	-4.6834
P38398	H1673Q	1673	H	Q	-2.0223
P38398	H1673Q	1673	H	Q	-2.0223
P38398	H1673R	1673	H	R	-2.1559
P38398	H1673Y	1673	H	Y	-4.4751
P38398	I1674F	1674	I	F	-1.6859
P38398	I1674L	1674	I	L	-0.3624
P38398	I1674M	1674	I	M	-0.184
P38398	I1674N	1674	I	N	-4.7628
P38398	I1674S	1674	I	S	0.2613
P38398	I1674T	1674	I	T	-2.5656
P38398	I1674V	1674	I	V	-0.9937
P38398	T1675A	1675	T	A	-2.6143
P38398	T1675I	1675	T	I	-3.1821
P38398	T1675N	1675	T	N	-3.5446
P38398	T1675P	1675	T	P	-4.7392
P38398	T1675S	1675	T	S	-2.5056
P38398	T1675S	1675	T	S	-2.5056
P38398	L1676F	1676	L	F	-2.7058
P38398	L1676F	1676	L	F	-2.7058
P38398	L1676I	1676	L	I	-3.7454
P38398	L1676S	1676	L	S	-4.9021
P38398	L1676V	1676	L	V	-1.5616
P38398	T1677A	1677	T	A	-1.6254
P38398	T1677I	1677	T	I	-3.2044
P38398	T1677N	1677	T	N	-3.1529
P38398	T1677P	1677	T	P	-4.6094
P38398	T1677S	1677	T	S	-0.8552
P38398	T1677S	1677	T	S	-0.8552
P38398	N1678D	1678	N	D	-3.6
P38398	N1678H	1678	N	H	-4.1131
P38398	N1678I	1678	N	I	-5.2905
P38398	N1678K	1678	N	K	-2.8624
P38398	N1678K	1678	N	K	-2.8624
P38398	N1678S	1678	N	S	-2.4991
P38398	N1678T	1678	N	T	-3.4876
P38398	N1678Y	1678	N	Y	-6.3704
P38398	L1679I	1679	L	I	-3.0517
P38398	L1679P	1679	L	P	-5.0422
P38398	L1679Q	1679	L	Q	0.2381
P38398	L1679R	1679	L	R	-1.9262
P38398	L1679V	1679	L	V	-1.7331
P38398	I1680F	1680	I	F	-2.4308
P38398	I1680L	1680	I	L	-3.5657
P38398	I1680M	1680	I	M	-2.5476
P38398	I1680N	1680	I	N	-5.0742
P38398	I1680S	1680	I	S	-4.8351
P38398	I1680T	1680	I	T	-4.7095
P38398	I1680V	1680	I	V	-0.5737
P38398	T1681A	1681	T	A	-5.6561
P38398	T1681I	1681	T	I	-4.7721
P38398	T1681N	1681	T	N	-3.9675
P38398	T1681P	1681	T	P	-5.2926
P38398	T1681S	1681	T	S	-4.2162
P38398	T1681S	1681	T	S	-4.2162
P38398	E1682A	1682	E	A	-3.5639
P38398	E1682D	1682	E	D	-2.8101
P38398	E1682D	1682	E	D	-2.8101
P38398	E1682G	1682	E	G	-3.9707
P38398	E1682K	1682	E	K	-2.8147
P38398	E1682Q	1682	E	Q	-2.6515
P38398	E1682V	1682	E	V	-5.1253
P38398	E1683A	1683	E	A	-3.5554
P38398	E1683D	1683	E	D	-2.1072
P38398	E1683D	1683	E	D	-2.1072
P38398	E1683G	1683	E	G	-2.5057
P38398	E1683K	1683	E	K	-2.7428
P38398	E1683Q	1683	E	Q	-3.7452
P38398	E1683V	1683	E	V	-5.1878
P38398	T1684A	1684	T	A	-5.4159
P38398	T1684I	1684	T	I	-3.6921
P38398	T1684N	1684	T	N	-8.1562
P38398	T1684P	1684	T	P	-7.6514
P38398	T1684S	1684	T	S	-4.0169
P38398	T1684S	1684	T	S	-4.0169
P38398	T1685A	1685	T	A	-7.1283
P38398	T1685I	1685	T	I	-5.9546
P38398	T1685N	1685	T	N	-5.5775
P38398	T1685P	1685	T	P	-7.1283
P38398	T1685S	1685	T	S	-2.7156
P38398	T1685S	1685	T	S	-2.7156
P38398	H1686D	1686	H	D	-4.9291
P38398	H1686L	1686	H	L	-4.9848
P38398	H1686N	1686	H	N	-7.2426
P38398	H1686P	1686	H	P	-7.2426
P38398	H1686Q	1686	H	Q	-7.1327
P38398	H1686Q	1686	H	Q	-7.1327
P38398	H1686R	1686	H	R	-7.2426
P38398	H1686Y	1686	H	Y	-5.3815
P38398	V1687A	1687	V	A	-8.621
P38398	V1687D	1687	V	D	-8.621
P38398	V1687F	1687	V	F	-5.8311
P38398	V1687G	1687	V	G	-8.621
P38398	V1687I	1687	V	I	-2.9278
P38398	V1687L	1687	V	L	-3.0832
P38398	V1688A	1688	V	A	-5.4443
P38398	V1688D	1688	V	D	-4.8382
P38398	V1688F	1688	V	F	-4.0968
P38398	V1688G	1688	V	G	-6.5116
P38398	V1688I	1688	V	I	0.872
P38398	V1688L	1688	V	L	-3.5707
P38398	M1689I	1689	M	I	-2.6397
P38398	M1689I	1689	M	I	-2.6397
P38398	M1689I	1689	M	I	-2.6397
P38398	M1689K	1689	M	K	-7.9584
P38398	M1689L	1689	M	L	-3.2854
P38398	M1689L	1689	M	L	-3.2854
P38398	M1689R	1689	M	R	-7.9584
P38398	M1689T	1689	M	T	-4.5574
P38398	M1689V	1689	M	V	-2.8911
P38398	K1690E	1690	K	E	-3.7269
P38398	K1690I	1690	K	I	-4.7317
P38398	K1690N	1690	K	N	-2.7657
P38398	K1690N	1690	K	N	-2.7657
P38398	K1690Q	1690	K	Q	-3.7648
P38398	K1690R	1690	K	R	-2.7041
P38398	K1690T	1690	K	T	-4.1408
P38398	T1691A	1691	T	A	-2.256
P38398	T1691I	1691	T	I	-5.6894
P38398	T1691K	1691	T	K	-5.1614
P38398	T1691P	1691	T	P	-4.9963
P38398	T1691R	1691	T	R	-5.9611
P38398	T1691S	1691	T	S	-4.0089
P38398	D1692A	1692	D	A	-4.4882
P38398	D1692E	1692	D	E	-3.8766
P38398	D1692E	1692	D	E	-3.8766
P38398	D1692G	1692	D	G	-4.35
P38398	D1692H	1692	D	H	-6.1797
P38398	D1692N	1692	D	N	-2.9675
P38398	D1692V	1692	D	V	-4.6408
P38398	D1692Y	1692	D	Y	-5.5725
P38398	E1698A	1698	E	A	-5.0862
P38398	E1698D	1698	E	D	-4.5102
P38398	E1698D	1698	E	D	-4.5102
P38398	E1698G	1698	E	G	-5.6092
P38398	E1698K	1698	E	K	-3.6042
P38398	E1698Q	1698	E	Q	-4.9285
P38398	E1698V	1698	E	V	-5.1726
P38398	R1699G	1699	R	G	-6.801
P38398	R1699L	1699	R	L	-6.2974
P38398	R1699P	1699	R	P	-6.3315
P38398	R1699Q	1699	R	Q	-7.1885
P38398	R1699W	1699	R	W	-9.2013
P38398	T1700A	1700	T	A	-7.5984
P38398	T1700I	1700	T	I	-7.8016
P38398	T1700K	1700	T	K	-6.7717
P38398	T1700P	1700	T	P	-8.8022
P38398	T1700R	1700	T	R	-7.1808
P38398	T1700S	1700	T	S	-3.7305
P38398	L1701M	1701	L	M	-4.7386
P38398	L1701P	1701	L	P	-7.3645
P38398	L1701Q	1701	L	Q	-7.2059
P38398	L1701R	1701	L	R	-7.816
P38398	L1701V	1701	L	V	-5.6114
P38398	K1702E	1702	K	E	-5.4829
P38398	K1702I	1702	K	I	-6.6223
P38398	K1702N	1702	K	N	-4.7028
P38398	K1702N	1702	K	N	-4.7028
P38398	K1702Q	1702	K	Q	-7.5929
P38398	K1702R	1702	K	R	-5.4858
P38398	K1702T	1702	K	T	-6.0852
P38398	Y1703C	1703	Y	C	-6.0417
P38398	Y1703D	1703	Y	D	-9.2755
P38398	Y1703F	1703	Y	F	-4.5731
P38398	Y1703H	1703	Y	H	-8.0831
P38398	Y1703N	1703	Y	N	-9.2755
P38398	Y1703S	1703	Y	S	-6.7328
P38398	F1704C	1704	F	C	-6.682
P38398	F1704I	1704	F	I	-4.7554
P38398	F1704L	1704	F	L	-3.7222
P38398	F1704L	1704	F	L	-3.7222
P38398	F1704L	1704	F	L	-3.7222
P38398	F1704S	1704	F	S	-7.614
P38398	F1704V	1704	F	V	-5.2301
P38398	F1704Y	1704	F	Y	-5.9966
P38398	L1705I	1705	L	I	-5.4406
P38398	L1705P	1705	L	P	-8.9112
P38398	L1705Q	1705	L	Q	-2.5248
P38398	L1705R	1705	L	R	-5.0976
P38398	L1705V	1705	L	V	-7.092
P38398	G1706A	1706	G	A	-3.8582
P38398	G1706E	1706	G	E	-9.5009
P38398	G1706R	1706	G	R	-9.5009
P38398	G1706R	1706	G	R	-9.5009
P38398	G1706V	1706	G	V	-6.6072
P38398	I1707F	1707	I	F	-8.6655
P38398	I1707L	1707	I	L	-5.2333
P38398	I1707M	1707	I	M	-6.6108
P38398	I1707N	1707	I	N	-10.1669
P38398	I1707S	1707	I	S	-8.7012
P38398	I1707T	1707	I	T	-7.1832
P38398	I1707V	1707	I	V	-4.2728
P38398	A1708E	1708	A	E	-8.6258
P38398	A1708G	1708	A	G	-6.0914
P38398	A1708P	1708	A	P	-8.6258
P38398	A1708S	1708	A	S	-4.7827
P38398	A1708T	1708	A	T	-5.0394
P38398	A1708V	1708	A	V	-4.5874
P38398	G1709A	1709	G	A	-3.3966
P38398	G1709E	1709	G	E	-4.9968
P38398	G1709R	1709	G	R	-3.9193
P38398	G1709R	1709	G	R	-3.9193
P38398	G1709V	1709	G	V	-6.3078
P38398	G1710A	1710	G	A	-4.5873
P38398	G1710E	1710	G	E	-5.5462
P38398	G1710R	1710	G	R	-2.1306
P38398	G1710R	1710	G	R	-2.1306
P38398	G1710V	1710	G	V	-5.651
P38398	K1711E	1711	K	E	-8.486
P38398	K1711I	1711	K	I	-5.1195
P38398	K1711N	1711	K	N	-5.771
P38398	K1711N	1711	K	N	-5.771
P38398	K1711Q	1711	K	Q	-5.7592
P38398	K1711R	1711	K	R	-3.4221
P38398	K1711T	1711	K	T	-4.9905
P38398	W1712C	1712	W	C	-6.767
P38398	W1712C	1712	W	C	-6.767
P38398	W1712G	1712	W	G	-7.5639
P38398	W1712L	1712	W	L	-6.053
P38398	W1712R	1712	W	R	-6.4271
P38398	W1712R	1712	W	R	-6.4271
P38398	W1712S	1712	W	S	-6.33
P38398	V1713A	1713	V	A	-7.9024
P38398	V1713E	1713	V	E	-7.9024
P38398	V1713G	1713	V	G	-7.9024
P38398	V1713I	1713	V	I	-1.2654
P38398	V1713L	1713	V	L	-2.6763
P38398	V1713L	1713	V	L	-2.6763
P38398	V1714A	1714	V	A	-9.2473
P38398	V1714D	1714	V	D	-9.2473
P38398	V1714F	1714	V	F	-9.2473
P38398	V1714G	1714	V	G	-9.2473
P38398	V1714I	1714	V	I	-4.6955
P38398	V1714L	1714	V	L	-3.681
P38398	S1715C	1715	S	C	-5.9814
P38398	S1715G	1715	S	G	-4.6681
P38398	S1715I	1715	S	I	-7.6363
P38398	S1715N	1715	S	N	-4.1968
P38398	S1715R	1715	S	R	-6.1686
P38398	S1715R	1715	S	R	-6.1686
P38398	S1715R	1715	S	R	-6.1686
P38398	S1715T	1715	S	T	-5.1393
P38398	Y1716C	1716	Y	C	-6.5766
P38398	Y1716D	1716	Y	D	-5.8292
P38398	Y1716F	1716	Y	F	-2.4506
P38398	Y1716H	1716	Y	H	-5.4059
P38398	Y1716N	1716	Y	N	-7.865
P38398	Y1716S	1716	Y	S	-4.902
P38398	F1717C	1717	F	C	-5.1049
P38398	F1717I	1717	F	I	-6.0164
P38398	F1717L	1717	F	L	-0.8086
P38398	F1717L	1717	F	L	-0.8086
P38398	F1717L	1717	F	L	-0.8086
P38398	F1717S	1717	F	S	-1.0119
P38398	F1717V	1717	F	V	-3.9142
P38398	F1717Y	1717	F	Y	-4.9723
P38398	W1718C	1718	W	C	-9.9454
P38398	W1718C	1718	W	C	-9.9454
P38398	W1718G	1718	W	G	-9.92
P38398	W1718L	1718	W	L	-8.5971
P38398	W1718R	1718	W	R	-10.0768
P38398	W1718R	1718	W	R	-10.0768
P38398	W1718S	1718	W	S	-10.0768
P38398	V1719A	1719	V	A	-5.2854
P38398	V1719E	1719	V	E	-6.9716
P38398	V1719G	1719	V	G	-8.3879
P38398	V1719L	1719	V	L	-3.5332
P38398	V1719L	1719	V	L	-3.5332
P38398	V1719M	1719	V	M	-5.4201
P38398	T1720A	1720	T	A	-3.8947
P38398	T1720I	1720	T	I	-1.9461
P38398	T1720N	1720	T	N	-4.6442
P38398	T1720P	1720	T	P	-6.7011
P38398	T1720S	1720	T	S	-3.4773
P38398	T1720S	1720	T	S	-3.4773
P38398	Q1721E	1721	Q	E	-2.9092
P38398	Q1721H	1721	Q	H	-5.1281
P38398	Q1721H	1721	Q	H	-5.1281
P38398	Q1721K	1721	Q	K	-4.2669
P38398	Q1721L	1721	Q	L	-5.5564
P38398	Q1721P	1721	Q	P	-7.3504
P38398	Q1721R	1721	Q	R	-4.7315
P38398	S1722A	1722	S	A	-7.2258
P38398	S1722C	1722	S	C	-1.6015
P38398	S1722F	1722	S	F	-5.1623
P38398	S1722P	1722	S	P	-7.404
P38398	S1722T	1722	S	T	-5.2528
P38398	S1722Y	1722	S	Y	-7.404
P38398	I1723F	1723	I	F	-2.1042
P38398	I1723L	1723	I	L	-2.2349
P38398	I1723M	1723	I	M	-1.9295
P38398	I1723N	1723	I	N	-5.006
P38398	I1723S	1723	I	S	-4.1006
P38398	I1723T	1723	I	T	-4.0373
P38398	I1723V	1723	I	V	-3.4082
P38398	K1724E	1724	K	E	-3.6246
P38398	K1724I	1724	K	I	-6.045
P38398	K1724N	1724	K	N	-4.2227
P38398	K1724N	1724	K	N	-4.2227
P38398	K1724Q	1724	K	Q	-3.7983
P38398	K1724R	1724	K	R	-3.6131
P38398	K1724T	1724	K	T	-5.2122
P38398	E1725A	1725	E	A	-1.8688
P38398	E1725D	1725	E	D	-5.2663
P38398	E1725D	1725	E	D	-5.2663
P38398	E1725G	1725	E	G	-6.677
P38398	E1725K	1725	E	K	-3.9582
P38398	E1725Q	1725	E	Q	-3.1133
P38398	E1725V	1725	E	V	-4.8754
P38398	R1726G	1726	R	G	0.5272
P38398	R1726I	1726	R	I	-5.0087
P38398	R1726K	1726	R	K	-0.7775
P38398	R1726S	1726	R	S	-3.0553
P38398	R1726S	1726	R	S	-3.0553
P38398	R1726T	1726	R	T	-3.1622
P38398	K1727E	1727	K	E	-3.4117
P38398	K1727I	1727	K	I	-4.3026
P38398	K1727N	1727	K	N	-4.4517
P38398	K1727N	1727	K	N	-4.4517
P38398	K1727Q	1727	K	Q	-3.0832
P38398	K1727R	1727	K	R	-0.6253
P38398	K1727T	1727	K	T	-3.3958
P38398	M1728I	1728	M	I	-0.9343
P38398	M1728I	1728	M	I	-0.9343
P38398	M1728I	1728	M	I	-0.9343
P38398	M1728K	1728	M	K	-3.7602
P38398	M1728L	1728	M	L	-1.3858
P38398	M1728L	1728	M	L	-1.3858
P38398	M1728R	1728	M	R	-2.954
P38398	M1728T	1728	M	T	-5.0003
P38398	M1728V	1728	M	V	-0.5273
P38398	L1729M	1729	L	M	-4.6756
P38398	L1729P	1729	L	P	-6.2725
P38398	L1729Q	1729	L	Q	-3.9509
P38398	L1729R	1729	L	R	-6.5238
P38398	L1729V	1729	L	V	-2.7593
P38398	N1730D	1730	N	D	-0.332
P38398	N1730H	1730	N	H	-4.3767
P38398	N1730I	1730	N	I	-5.2157
P38398	N1730K	1730	N	K	-2.9509
P38398	N1730K	1730	N	K	-2.9509
P38398	N1730S	1730	N	S	-2.2324
P38398	N1730T	1730	N	T	-4.8986
P38398	N1730Y	1730	N	Y	-5.1483
P38398	E1731A	1731	E	A	-5.8658
P38398	E1731D	1731	E	D	-6.8724
P38398	E1731D	1731	E	D	-6.8724
P38398	E1731G	1731	E	G	-8.0551
P38398	E1731K	1731	E	K	-6.7101
P38398	E1731Q	1731	E	Q	-7.0351
P38398	E1731V	1731	E	V	-8.0551
